,adaptersversion,well,idx
,rad48,A1,GCATG
,rad48,B1,AACCA
,rad48,C1,CGATC
,rad48,D1,TCGAT
,rad48,E1,TGCAT
,rad48,F1,CAACC
,rad48,G1,GGTTG
,rad48,H1,AAGGA
,rad48,A2,AGCTA
,rad48,B2,ACACA
,rad48,C2,AATTA
,rad48,D2,ACGGT
,rad48,E2,ACTGG
,rad48,F2,ACTTC
,rad48,G2,ATACG
,rad48,H2,ATGAG
,rad48,A3,ATTAC
,rad48,B3,CATAT
,rad48,C3,CGAAT
,rad48,D3,CGGCT
,rad48,E3,CGGTA
,rad48,F3,CGTAC
,rad48,G3,CGTCG
,rad48,H3,CTGAT
,rad48,A4,CTGCG
,rad48,B4,CTGTC
,rad48,C4,CTTGG
,rad48,D4,GACAC
,rad48,E4,GAGAT
,rad48,F4,GAGTC
,rad48,G4,GCCGT
,rad48,H4,GCTGA
,rad48,A5,GGATA
,rad48,B5,GGCCA
,rad48,C5,GGCTC
,rad48,D5,GTAGT
,rad48,E5,GTCCG
,rad48,F5,GTCGA
,rad48,G5,TACCG
,rad48,H5,TACGT
,rad48,A6,TAGTA
,rad48,B6,TATAC
,rad48,C6,TCACG
,rad48,D6,TCAGT
,rad48,E6,TCCGG
,rad48,F6,TCTGC
,rad48,G6,TGGAA
,rad48,H6,TTACC
,craig12,1,GCATG
,craig12,2,AACCA
,craig12,3,CCCCC
,craig12,4,CGATC
,craig12,5,TCGAT
,craig12,6,TGCAT
,craig12,7,CAACC
,craig12,8,GGTTG
,craig12,9,AAGGA
,craig12,10,AGCTA
,craig12,11,ACACA
,craig12,12,AATTA
,flex48,1,GCATG
,flex48,2,AACCA
,flex48,3,CGATC
,flex48,4,TCGAT
,flex48,5,TGCAT
,flex48,6,CAACC
,flex48,7,GGTTG
,flex48,8,AAGGA
,flex48,9,AGCTA
,flex48,10,ACACA
,flex48,11,AATTA
,flex48,12,ACGGT
,flex48,13,ACTGG
,flex48,14,ACTTC
,flex48,15,ATACG
,flex48,16,ATGAG
,flex48,17,ATTAC
,flex48,18,CATAT
,flex48,19,CGAAT
,flex48,20,CGGCT
,flex48,21,CGGTA
,flex48,22,CGTAC
,flex48,23,CGTCG
,flex48,24,CTGAT
,flex48,25,CTGCG
,flex48,26,CTGTC
,flex48,27,CTTGG
,flex48,28,GACAC
,flex48,29,GAGAT
,flex48,30,GAGTC
,flex48,31,GCCGT
,flex48,32,GCTGA
,flex48,33,GGATA
,flex48,34,GGCCA
,flex48,35,GGCTC
,flex48,36,GTAGT
,flex48,37,GTCCG
,flex48,38,GTCGA
,flex48,39,TACCG
,flex48,40,TACGT
,flex48,41,TAGTA
,flex48,42,TATAC
,flex48,43,TCACG
,flex48,44,TCAGT
,flex48,45,TCCGG
,flex48,46,TCTGC
,flex48,47,TGGAA
,flex48,48,TTACC